Timestamp,Action,Result,Details
2025-02-15 17:04:54,startup,success,Application initialized
2025-02-15 17:04:58,page_visit,success,Main page loaded
2025-02-15 17:05:46,page_visit,success,Main page loaded
2025-02-15 17:05:48,page_visit,success,Main page loaded
2025-02-15 17:42:40,page_visit,success,Main page loaded
2025-02-15 17:43:15,page_visit,success,Main page loaded
2025-02-15 17:43:17,page_visit,success,Main page loaded
2025-02-15 17:43:30,startup,success,Application initialized
2025-02-15 17:43:31,page_visit,success,Main page loaded
2025-02-15 17:57:43,page_visit,success,Main page loaded
2025-02-15 17:57:50,startup,success,Application initialized
2025-02-15 17:57:52,page_visit,success,Main page loaded
2025-02-15 18:14:53,page_visit,success,Main page loaded
2025-02-15 18:15:05,startup,success,Application initialized
2025-02-15 18:15:07,page_visit,success,Main page loaded
2025-02-15 18:15:08,state_change,success,Device state changed from True to False
2025-02-15 18:16:38,startup,success,Application initialized
2025-02-15 18:16:40,page_visit,success,Main page loaded
2025-02-15 18:16:41,page_visit,success,Main page loaded
2025-02-15 18:17:43,page_visit,success,Main page loaded
2025-02-15 18:17:46,startup,success,Application initialized
2025-02-15 18:17:47,page_visit,success,Main page loaded
2025-02-15 18:17:48,page_visit,success,Main page loaded
2025-02-15 18:18:05,startup,success,Application initialized
2025-02-15 18:18:06,page_visit,success,Main page loaded
2025-02-15 18:21:20,startup,success,Application initialized
2025-02-15 18:21:20,page_visit,success,Main page loaded
2025-02-15 18:22:34,page_visit,success,Main page loaded
2025-02-15 18:22:39,startup,success,Application initialized
2025-02-15 18:22:40,page_visit,success,Main page loaded
2025-02-15 18:23:05,startup,success,Application initialized
2025-02-15 18:23:06,page_visit,success,Main page loaded
2025-02-15 18:27:46,page_visit,success,Main page loaded
2025-02-15 18:28:03,wake_on_lan,error,[WinError 2] The system cannot find the file specified
2025-02-15 18:28:07,wake_on_lan,error,[WinError 2] The system cannot find the file specified
2025-02-15 18:28:07,wake_on_lan,error,[WinError 2] The system cannot find the file specified
2025-02-15 18:28:07,wake_on_lan,error,[WinError 2] The system cannot find the file specified
